{
  "timestamp": "2023-02-06T08:10:05.084Z",
  "userLoggedIn": "walrus",
  "suggestedFollows": [
    {
      "username": "stone",
      "premium": true,
      "avatar": "https://picsum.photos/400?25827c0c-a7a1-4779-8187-4c70abf01cd7"
    },
    {
      "username": "WongMia",
      "premium": false,
      "avatar": "https://picsum.photos/400?9ac66e5e-dbe3-401a-b2bc-b1dd62495700"
    },
    {
      "username": "priya",
      "premium": false,
      "avatar": "https://picsum.photos/400?ae5022aa-c099-4f65-b6ab-ad9c22afc298"
    },
    {
      "username": "liaAang",
      "premium": false,
      "avatar": "https://picsum.photos/400?d54b66ac-3078-466b-94f5-af2de155f5fe"
    },
    {
      "username": "ithya21",
      "premium": true,
      "avatar": "https://picsum.photos/400?fd5072d1-fd16-408b-92d2-9eaaf923c057"
    },
    {
      "username": "frenchtamzyn",
      "premium": false,
      "avatar": "https://picsum.photos/400?68c6069c-136f-43d3-9052-d18a28ba3a16"
    },
    {
      "username": "simoes",
      "premium": true,
      "avatar": "https://picsum.photos/400?5b5b6dad-3241-41fb-b93f-b61abd5460d9"
    },
    {
      "username": "cirtueixxx",
      "premium": false,
      "avatar": "https://picsum.photos/400?11d0bf1e-54df-4764-bce9-42c99823fe5a"
    },
    {
      "username": "LeeWalsh",
      "premium": false,
      "avatar": "https://picsum.photos/400?862e8fa4-b498-4434-8f4a-dbed39a96787"
    },
    {
      "username": "stanbrige99",
      "premium": false,
      "avatar": "https://picsum.photos/400?c46372b1-87ad-44a1-a0c8-789b687a6ac2"
    }
  ],
  "stories": [
    {
      "id": "3e6cc618-d20f-431f-b20a-13b921fee991",
      "picture": "https://picsum.photos/1600/1200?cc61cfbf-c980-4a2a-b0fe-2b48f361bb7f",
      "username": "citrix78",
      "timestamp": "2023-02-10T08:10:05.084Z",
      "comments": [
        {
          "id": "917dae4f-a34a-4026-a958-189f6fbb49d7",
          "username": "citrix78",
          "comment": "I really hope you guys like this photo!",
          "timestamp": "2023-02-06T09:10:05.084Z"
        },
        {
          "id": "c5086a38-e03c-4a20-a45d-91a938013321",
          "username": "haterish",
          "comment": "It totally sucks!!! 💩",
          "timestamp": "2023-02-06T10:10:05.084Z"
        },
        {
          "id": "704bb9f2-0cf8-468b-a8ed-ea26ae76d9fd",
          "username": "bourinhish",
          "comment": "Yeah! It's really disgusting 🤮",
          "timestamp": "2023-02-06T11:10:05.084Z"
        },
        {
          "id": "d50ed717-8794-488f-a249-d74059ec7643",
          "username": "awesomeguy",
          "comment": "You guys don't really know what you talking about, this photo is soooo coool!!!1one1 🌈 🐞 🥰",
          "timestamp": "2023-02-06T12:10:05.084Z"
        },
        {
          "id": "c2cac33d-990f-4975-b17e-adea762e306f",
          "username": "citrix78",
          "comment": "Thank you very much @awesomeguy. I put a lot of love in that picture and then these guys saying those nasty things... I dunno, maybe it's time to look for a different social network, there is this new kid on the block, Instagram or something, maybe I'll give it a go!",
          "timestamp": "2023-02-06T13:10:05.084Z"
        }
      ]
    },
    {
      "id": "d73f3ac0-5f50-410f-bb8b-29e33fb82251",
      "picture": "https://picsum.photos/1600/1200?261c9329-186f-4af9-90c7-88cff645ad8c",
      "username": "randomGuy",
      "timestamp": "2023-02-05T08:10:05.084Z",
      "comments": []
    },
    {
      "id": "853bcff1-3292-4618-b36b-d6d830a4d61d",
      "picture": "https://picsum.photos/1600/1200?2ed9e81c-ce0b-4e3f-97e6-7f245ef3bdbe",
      "username": "happiness",
      "timestamp": "2023-02-04T08:10:05.084Z",
      "comments": [
        {
          "id": "19f49c17-d578-44d5-80a2-d7a0c85c7ebe",
          "username": "haterish",
          "comment": "Worst picture ever! 💩💩💩",
          "timestamp": "2023-02-04T09:10:05.084Z"
        },
        {
          "id": "861f9b26-9a04-44f0-bd48-cedc03ac05dd",
          "username": "peaceandlove",
          "comment": "You better watch out. You better not cry. Better not pout. I'm telling you why. Santa Claus is coming to town. He's making a list. And checking it twice. Gonna find out who's naughty and nice!",
          "timestamp": "2023-02-04T10:10:05.084Z"
        }
      ]
    },
    {
      "id": "5ece4231-1581-4cce-84ab-d0b423a7f390",
      "picture": "https://picsum.photos/1600/1200?1f4db86d-a445-4543-afd5-b654e61a78e0",
      "username": "lucyDiamond",
      "timestamp": "2023-01-18T08:10:05.084Z",
      "comments": [
        {
          "id": "f45850bd-ac1a-4b4b-97e5-4879f10a8abe",
          "username": "citrix78",
          "comment": "What a nice photo! Congratulations! ",
          "timestamp": "2023-01-19T08:10:05.084Z"
        }
      ]
    },
    {
      "id": "cc29d1a5-bb5a-473b-9208-928b051c92f1",
      "picture": "https://picsum.photos/1600/1200?0d81a2de-d1c7-4a35-9228-1f8f80a6381f",
      "username": "trumpyjudd",
      "timestamp": "2023-01-12T08:10:05.084Z",
      "comments": []
    }
  ]
}
